id,name,category,Emirate,description,opening_hours,closed_days,best_for,price_type
001,Sheikh Zayed Grand Mosque,heritage_culture,Abu Dhabi,"One of the largest mosques in the world, known for its white marble domes, gold-detailed chandeliers, and the world's largest hand-knotted carpet.","Generally 9:00am-10:00pm for visitors, verify exact daily schedule","Closed to non-Muslim visitors during Friday morning prayers, verify","family, couples, solo",free
002,Louvre Abu Dhabi,museum_gallery,Abu Dhabi,"Art and civilization museum on Saadiyat Island, showcasing works spanning human history under a distinctive dome roof.","Tue-Thu 10:00am-6:30pm, Fri-Sun 10:00am-8:30pm (galleries); dome area open later, verify current schedule",Monday,"family, couples, solo",paid
003,Qasr Al Watan,heritage_culture,Abu Dhabi,"The UAE Presidential Palace, partially open to the public, showcasing Arabian architecture, a library, and the 'Palace in Motion' light show.",10:00 AM - 8:00 PM,None,"family, couples, solo",paid
004,Ferrari World Abu Dhabi,theme_entertainment,Abu Dhabi,"Indoor theme park on Yas Island featuring Formula Rossa, the world's fastest roller coaster, plus family rides and Ferrari-branded attractions.",11:00 AM - 8:00 PM,None,"family, friends",paid
005,Warner Bros World Abu Dhabi,theme_entertainment,Abu Dhabi,"Indoor theme park on Yas Island themed around Warner Bros characters including DC, Looney Tunes, and Scooby-Doo.",11:00 AM - 8:00 PM,None,"family, friends",paid
006,Yas Waterworld,theme_entertainment,Abu Dhabi,"Water park on Yas Island with slides, rides, and attractions themed around an Emirati pearl-diving legend.",10:00 AM - 6:00 PM,None,"family, friends",paid
007,Emirates Park Zoo,theme_entertainment,Abu Dhabi,"Zoo housing a wide range of animals including tigers and elephants, with feeding sessions and petting areas for children.",9:00 AM - 6:00 PM,None,"family, friends",variable
008,Corniche Beach,beach_waterfront,Abu Dhabi,"A long, family-friendly public beach along Abu Dhabi's waterfront, with shallow waters, playgrounds, and walking paths.","Open 24 hours (public beach, verify)",None typically,"family, couples",free
009,Jubail Mangrove Park,nature_outdoor,Abu Dhabi,"Boardwalks and kayaking through natural mangrove forests, good for birdwatching and a quieter nature experience.",8:00 AM - 6:00 PM,None,"family, couples, solo",free
010,Saadiyat Public Beach,beach_waterfront,Abu Dhabi,"A clean, well-maintained public beach on Saadiyat Island, near the cultural district museums.",Open 24 hours,None,"family, couples",free
011,Burj Khalifa,landmark,Dubai,"The world's tallest building, with observation decks (At the Top) offering panoramic views of the city.",9:00 AM - 10:00 PM,None typically,"family, couples, solo, friends, business travel",paid
012,Dubai Mall,shopping,Dubai,"One of the world's largest malls, home to the Dubai Aquarium, an ice rink, and hundreds of retail and dining options.","10am - 12am (verify, may vary Fri/Sat)",None typically,"family, couples, friends, business travel",NA
013,Dubai Aquarium & Underwater Zoo,theme_entertainment,Dubai,"A large suspended aquarium inside Dubai Mall with a walk-through tunnel, sharks, rays, and an underwater zoo section.",10:00 AM - 10:00 PM,None typically,"family, friends",paid
014,Palm Jumeirah,beach_waterfront,Dubai,"An artificial palm-shaped island with resorts, beaches, and The Pointe/Atlantis attractions.",Open 24 hours (public areas),None,"family, couples",free
015,Dubai Frame,landmark,Dubai,A large frame-shaped structure offering views over both old and new Dubai from its glass-floored top level.,9:00 AM - 10:00 PM,None,"family, couples",paid
016,Global Village,theme_entertainment,Dubai,"A seasonal cultural and entertainment park featuring pavilions from many countries, shows, and rides. Open only part of the year.","Seasonal (typically Oct-Apr), verify current dates",Seasonal closure in summer,"family, couples, friends",paid
017,Wild Wadi Waterpark,theme_entertainment,Dubai,A waterpark near Burj Al Arab with over 30 slides and rides themed around Arabian folklore.,10:00 AM - 6:00 PM,None,"family, couples, friends",variable
018,Dubai Miracle Garden,nature_outdoor,Dubai,"A large outdoor flower garden with elaborate floral sculptures, seasonal and closed during peak summer heat.","Seasonal, verify current hours",Closed in summer months,"family, couples, friends",paid
019,Al Fahidi Historical Neighbourhood,heritage_culture,Dubai,"A preserved old Dubai neighborhood with wind-tower architecture, art galleries, and the Dubai Museum at Al Fahidi Fort.",9:00 AM - 9:00 PM,None,"family, couples, solo",free
020,Ski Dubai,adventure_sports,Dubai,"An indoor ski slope and snow park inside Mall of the Emirates, with skiing, a chairlift, and penguin encounters.",10:00 AM - 11:00 PM,None typically,"family, couples, friends",paid
021,Museum of the Future,museum_gallery,Dubai,"A striking, torus-shaped museum exploring future technology and innovation through immersive exhibits.",10:00 AM - 6:00 PM,Monday,"family, couples, solo, business travel",paid
022,Sharjah Museum of Islamic Civilization,museum_gallery,Sharjah,"A museum dedicated to Islamic art, science, and culture, housed in a landmark building on the Sharjah Corniche.",10:00 AM - 6:00 PM,Monday,"family, couples, solo",variable
023,Al Noor Island,nature_outdoor,Sharjah,"A small island in the Khalid Lagoon with a butterfly house, art installations, and calligraphy museum.",10:00 AM - 10:00 PM,None,"family, couples",variable
024,Al Qasba,beach_waterfront,Sharjah,"A canal-side entertainment area in Sharjah with a Ferris wheel (Eye of the Emirates), restaurants, and family activities.",10:00 AM - 11:00 PM,None,"family, couples, friends",free
025,Sharjah Aquarium,theme_entertainment,Sharjah,"An aquarium showcasing marine life native to the Gulf waters, on the Al Khan Corniche.",10:00 AM - 10:00 PM,None,"family, friends",variable
026,Fossil Rock (Al Jareef Mountain),nature_outdoor,Sharjah,"A rocky desert hill popular for dune-bashing tours and hiking, known for embedded ancient fossils.",Open 24 hours (outdoor site),None,"couples, solo, adventure, friends",free
027,Ajman Museum,museum_gallery,Ajman,"Housed in a former fort/palace, this museum traces Ajman's history and culture through artifacts and displays.",10:00 AM - 6:00 PM,Monday,"family, couples, solo",variable
028,Ajman Corniche & Beach,beach_waterfront,Ajman,A relaxed public beach and walking corniche along Ajman's coastline.,Open 24 hours (public beach),None,"family, couples",free
029,Al Zorah Nature Reserve,nature_outdoor,Ajman,"A protected mangrove and wetland reserve offering kayaking, cycling, and birdwatching.",8:00 AM - 6:00 PM,None,"family, couples, solo",free
030,Jebel Jais,nature_outdoor,Ras Al Khaimah,"The UAE's highest mountain, home to the world's longest zipline (Jais Flight) and hiking trails.",9:00 AM - 6:00 PM,Weather dependent,"couples, solo, adventure, friends",free
031,Dhayah Fort,heritage_culture,Ras Al Khaimah,"A 16th-century hilltop fort offering panoramic views, and the last stronghold in the 1819 British campaign against RAK.",8:00 AM - 5:00 PM,None,"couples, solo",free
032,National Museum of Ras Al Khaimah,museum_gallery,Ras Al Khaimah,"Housed in a historic fort, this museum covers RAK's archaeology, natural history, and Emirati heritage.",10:00 AM - 6:00 PM,Monday,"family, couples, solo",free
033,Khatt Springs,nature_outdoor,Ras Al Khaimah,"Natural hot springs outside RAK city, popular for a relaxing soak and nearby hiking.",9:00 AM - 9:00 PM,None,"couples, solo",variable
034,Al Bidyah Mosque,heritage_culture,Fujairah,"The oldest known mosque in the UAE, built from mud, stone, and gypsum, with distinctive domed roof design.",9:00 AM - 5:00 PM,Friday mornings (prayer times),"couples, solo, family",free
035,Fujairah Fort,heritage_culture,Fujairah,"One of the oldest forts in the UAE, dating to around 1670, overlooking Fujairah city.",8:00 AM - 5:00 PM,None,"couples, solo, family",free
036,Fujairah Museum,museum_gallery,Fujairah,"A museum showcasing Fujairah's archaeology, traditional lifestyle, and local history.",10:00 AM - 6:00 PM,Monday,"family, couples, solo",free
037,Snoopy Island,nature_outdoor,Fujairah,"A small rocky island near Al Aqah beach, popular for snorkeling and diving among coral and marine life.",Daylight hours (weather dependent),Weather dependent,"couples, solo, adventure",variable
038,Umm Al Quwain Fort and Museum,museum_gallery,Umm Al Quwain,An 18th-century fort now housing a museum on Umm Al Quwain's history and Bedouin heritage.,10:00 AM - 6:00 PM,Monday,"family, couples, solo",free
039,Dreamland Aqua Park,theme_entertainment,Umm Al Quwain,"One of the UAE's oldest water parks, offering slides, pools, and family-friendly attractions.",10:00 AM - 6:00 PM,None,"family, friends",variable
040,Al Sinniyah Island,nature_outdoor,Umm Al Quwain,"A protected island reachable by boat trip, known for birdwatching, gazelles, and quiet natural scenery.","Boat trips typically daytime, verify",Weather dependent,"couples, solo, family",variable
041,Erth,hotel_resort,Abu Dhabi,"Erth Abu Dhabi is a 5-star hotel inspired by UAE Heritage, it includes a fine-dining restaurant, fitness studios, and shows rich Emirati cultural heritage.",12:00 PM - 11:00 PM,None,"couples, friends, business travel, solo",free
042,TOTO Abu Dhabi,restaurant_cafe,Abu Dhabi,"Italian restaurant on Saadiyat Island, sister to the original in Madrid, known for classic dishes like carbonara and tiramisu with live piano music.",12:00 PM - 12:00 AM,None,"couples, friends, business travel",NA
043,Al Mahara,restaurant_cafe,Dubai,"Underwater-themed fine dining seafood restaurant inside Burj Al Arab, with a floor-to-ceiling aquarium centerpiece.",1:00 PM - 12:00 AM,None,"couples, business travel",NA
044,Ravi Restaurant,restaurant_cafe,Dubai,"A long-running, budget-friendly Satwa institution serving Pakistani and Indian classics like chicken karahi, popular with residents and tourists alike.",8:00 AM - 2:00 AM,None,"solo, friends, family",NA
045,3 Fils,restaurant_cafe,Abu Dhabi,"A casual waterfront Asian-fusion spot known for fresh sushi and a laid-back atmosphere, an offshoot of the popular Dubai original.",12:00 PM - 11:00 PM,None,"couples, friends, solo",NA
046,Blanca,restaurant_cafe,Abu Dhabi,A Mediterranean restaurant at Al Qana waterfront district.,"Sun-Thu 1:00pm-12:00am, Fri-Sat 1:00pm-1:00am",None,"couples, friends",NA
047,BLU Pizzeria,restaurant_cafe,Abu Dhabi,"Neapolitan-style wood-fired pizza spot on Saadiyat Island, a Dubai import with Middle Eastern flavor twists.","Daily 12:00pm-12:30am, verify",None typically,"family, friends, couples",NA
048,Dampa Seafood Grill,restaurant_cafe,Abu Dhabi,"Filipino seafood restaurant known for its 'boodle fight' communal dining style, popular with groups.",11:00 AM - 11:00 PM,None,"friends, family",NA
049,Conrad Abu Dhabi Etihad Towers,hotel_resort,Abu Dhabi,"A 5-star beachfront hotel with panoramic Gulf views, known for its towers, spa, and direct beach access.",24 hours (hotel),None,"couples, business travel, family",NA
050,W Abu Dhabi - Yas Island,hotel_resort,Abu Dhabi,"A stylish 5-star hotel on Yas Island close to the theme parks and F1 circuit, popular with visitors combining leisure and entertainment.",24 hours (hotel),None,"couples, friends, family",NA
051,Shangri-La Qaryat Al Beri,hotel_resort,Abu Dhabi,"A waterfront resort styled after traditional Arabian architecture, with views of the Grand Mosque across the water.",24 hours (hotel),None,"couples, family, business travel",NA
052,Burj Al Arab,hotel_resort,Dubai,"An iconic sail-shaped hotel on its own artificial island, one of the most recognizable luxury hotels in the world.",24 hours (hotel),None,"couples, business travel",NA
053,Atlantis The Palm,hotel_resort,Dubai,"A large resort at the tip of Palm Jumeirah, home to a waterpark, aquarium, and multiple restaurants.",24 hours (hotel),None,"family, couples, friends",NA
054,Address Downtown,hotel_resort,Dubai,"A hotel directly beside Burj Khalifa and Dubai Mall, known for its skyline views and fountain-side location.",24 hours (hotel),None,"couples, business travel, family",NA
055,Sharjah Heritage Museum,museum_gallery,Sharjah,"Museum in the Sharjah Heritage Area showcasing traditional Emirati life, artifacts, and local customs.",10:00 AM - 6:00 PM,Monday,"family, couples, solo",variable
056,Bait Al Naboodah Museum,museum_gallery,Sharjah,A restored traditional courtyard house showing 19th-century Emirati merchant family life.,10:00 AM - 6:00 PM,Monday,"family, couples, solo",variable
057,Sharjah Calligraphy Museum,museum_gallery,Sharjah,"A museum dedicated to Arabic calligraphy art, housed in a restored heritage building.",10:00 AM - 6:00 PM,Monday,"couples, solo",variable
058,Souk Al Arsah,heritage_culture,Sharjah,"One of the oldest souks in the UAE, selling traditional crafts, spices, and antiques in a historic setting.",9:00 AM - 10:00 PM,None,"family, couples, friends, solo",free
059,Sharjah Fort (Al Hisn),heritage_culture,Sharjah,"A restored historic fort in the city center, once the residence of Sharjah's ruling family.",10:00 AM - 6:00 PM,Monday,"family, couples, solo",variable
060,Sharjah Art Museum,museum_gallery,Sharjah,"A major art museum showcasing Arab and Islamic art, including works by regional and international artists.",10:00 AM - 6:00 PM,Monday,"couples, solo, friends",variable
061,Al Montazah Parks,theme_entertainment,Sharjah,"A family entertainment park with rides, water play areas, and green spaces.",10:00 AM - 10:00 PM,None,"family, friends",variable
062,Sharjah Desert Park,nature_outdoor,Sharjah,"A combined zoo, botanical garden, and natural history museum focused on desert ecosystems and Arabian wildlife.",9:00 AM - 5:30 PM,Tuesday,"family, couples, solo",variable
063,Arabian Wildlife Center,theme_entertainment,Sharjah,"Part of Sharjah Desert Park, home to over 100 species of native Arabian wildlife in natural habitats.",9:00 AM - 5:30 PM,Tuesday,"family, solo",variable
064,Al Majaz Waterfront,beach_waterfront,Sharjah,"A lakefront leisure destination with skyline views, a musical fountain show, restaurants, and green play areas.",4:00 PM - 12:00 AM,None,"family, couples, friends",free
065,Sharjah Classic Cars Museum,museum_gallery,Sharjah,"A museum with over 100 vintage cars, motorcycles, and bicycles dating back to 1915.",9:00 AM - 5:00 PM,Friday morning,"couples, solo, friends",variable
066,Blue Souk (Central Market),shopping,Sharjah,"A distinctive twin-towered market known for gold, carpets, and traditional goods.",10:00 AM - 10:00 PM,None,"family, couples, friends",free
067,The Chedi Al Bait,hotel_resort,Sharjah,"A heritage-style luxury hotel in the historic Heart of Sharjah district, built around restored traditional houses.",24 hours (hotel),None,"couples, business travel",NA
068,Al Jazirah Al Hamra,heritage_culture,Ras Al Khaimah,"A well-preserved abandoned pearling-era village, one of the last traditional Gulf towns still standing.",8:00 AM - 5:00 PM,None,"couples, solo",free
069,Iceland Water Park,theme_entertainment,Ras Al Khaimah,An ice-themed water park with high-speed slides and a dedicated children's play area.,10:00 AM - 6:00 PM,None,"family, friends",variable
070,Al Marjan Island,beach_waterfront,Ras Al Khaimah,"A man-made island with resort beaches, water sports, and waterfront dining.",Open 24 hours,None,"family, couples, friends",free
071,Suwaidi Pearl Farm,heritage_culture,Ras Al Khaimah,A working pearl farm offering tours into the UAE's traditional pearl diving heritage.,9:00 AM - 5:00 PM (tour times vary),Verify tour schedule,"couples, solo, family",variable
072,Ajman Fish Market,shopping,Ajman,A lively traditional fish market popular for fresh local catch and an authentic local atmosphere.,6:00 AM - 10:00 PM,None,"solo, friends, family",free
073,Masfout,nature_outdoor,Ajman,"A quiet mountainous enclave of Ajman, popular for cooler weather and scenic drives away from the coast.",Open 24 hours (outdoor area),None,"couples, solo, adventure",free
074,Khor Fakkan Beach,beach_waterfront,Fujairah,"A scenic corniche beach on Fujairah's east coast, framed by mountains.",Open 24 hours,None,"family, couples",free
075,Al Aqah Beach,beach_waterfront,Fujairah,"A popular Gulf of Oman beach near Snoopy Island, known for diving and snorkeling.",Open 24 hours,None,"family, couples, adventure",free
076,Wadi Wurayah National Park,nature_outdoor,Fujairah,"The UAE's first protected mountain reserve, with waterfalls, hiking trails, and native wildlife.",8:00 AM - 4:00 PM,Verify seasonal closures,"couples, solo, adventure, family",free
077,Barracuda Beach,beach_waterfront,Umm Al Quwain,A relaxed beach resort area popular for watersports and a quieter alternative to Dubai's beaches.,Open 24 hours,None,"family, couples, friends",free
078,UAQ Marine Club,adventure_sports,Umm Al Quwain,"A watersports hub offering jet skiing, fishing trips, and boat tours along the UAQ coastline.",9:00 AM - 6:00 PM,Verify,"friends, adventure, solo",variable
079,Mall of the Emirates,shopping,Dubai,A major shopping mall known for its adjoining Ski Dubai snow park and wide range of international retail brands.,10:00 AM - 10:00 PM,None,"family, couples, friends",NA
080,Ibn Battuta Mall,shopping,Dubai,A themed mall divided into court sections inspired by countries the explorer Ibn Battuta visited.,10:00 AM - 10:00 PM,None,"family, friends",NA
081,City Centre Deira,shopping,Dubai,"One of Dubai's original major malls, offering retail, dining, and an ice rink.",10:00 AM - 10:00 PM,None,"family, friends",NA
082,City Centre Mirdif,shopping,Dubai,"A large suburban mall with retail, cinema, and family entertainment options.",10:00 AM - 10:00 PM,None,"family, friends",NA
083,Dubai Marina Mall,shopping,Dubai,"A waterfront mall along Dubai Marina with retail, dining, and marina views.",10:00 AM - 10:00 PM,None,"family, couples, friends",NA
084,Dubai Outlet Mall,shopping,Dubai,An outlet shopping mall offering discounted designer and retail brands.,10:00 AM - 10:00 PM,None,"family, friends, solo",NA
085,Jumeirah Mosque,heritage_culture,Dubai,"One of Dubai's most photographed mosques, notable for offering guided tours open to non-Muslim visitors.",9:00 AM - 5:00 PM (tour times vary),Friday,"family, couples, solo",free
086,Al Seef,heritage_culture,Dubai,A waterfront district along Dubai Creek blending heritage-style architecture with modern dining and shopping.,10:00 AM - 11:00 PM,None,"family, couples, friends",free
087,Bluewaters Island,landmark,Dubai,"An island destination home to Ain Dubai and a mix of dining, retail, and beach access.",10:00 AM - 11:00 PM,None,"family, couples, friends",free
088,Ain Dubai,landmark,Dubai,"One of the world's largest observation wheels, offering panoramic views from Bluewaters Island.",Verify current operating hours,Verify,"family, couples, friends",paid
089,La Mer,beach_waterfront,Dubai,"A beachfront lifestyle destination with dining, retail, and water activities.",10:00 AM - 11:00 PM,None,"family, couples, friends",free
090,JBR The Walk,beach_waterfront,Dubai,"A pedestrian beachfront promenade with shops, restaurants, and beach access in Jumeirah Beach Residence.",Open 24 hours (outdoor),None,"family, couples, friends",free
091,Dubai Fountain,landmark,Dubai,"A large choreographed fountain show set against Burj Khalifa, performing at scheduled intervals in the evening.",6:00 PM - 11:00 PM (show times),None,"family, couples, friends",free
092,Dubai Opera,theme_entertainment,Dubai,"A performing arts venue hosting opera, ballet, concerts, and theatre in a dhow-shaped building.",Varies by performance schedule,Varies,"couples, business travel, friends",variable
093,The Green Planet,theme_entertainment,Dubai,"An indoor tropical rainforest bio-dome with over 3,000 plants and animals across four levels.",10:00 AM - 6:00 PM,None,"family, couples",variable
094,KidZania Dubai,theme_entertainment,Dubai,A child-sized interactive city inside Dubai Mall where kids role-play different careers.,10:00 AM - 10:00 PM,None,family,variable
095,Motiongate Dubai,theme_entertainment,Dubai,A Hollywood-studio-themed park featuring movie-based rides and attractions.,11:00 AM - 8:00 PM,Verify seasonal days,"family, friends",variable
096,Legoland Dubai,theme_entertainment,Dubai,"A theme park built around Lego bricks and models, designed for younger children and families.",10:00 AM - 6:00 PM,Verify seasonal days,family,variable
097,IMG Worlds of Adventure,theme_entertainment,Dubai,"One of the world's largest indoor theme parks, featuring Marvel and Cartoon Network zones.",12:00 PM - 8:00 PM,Verify,"family, friends",variable
098,Dubai Garden Glow,theme_entertainment,Dubai,"An illuminated art park featuring glowing sculptures, a dinosaur park, and light installations at night.",4:00 PM - 11:00 PM,"Seasonal, verify","family, couples, friends",paid
099,Hatta Heritage Village,heritage_culture,Dubai,"A restored mountain village showing traditional Emirati life, located in the cooler Hatta region.",8:00 AM - 8:00 PM,Verify,"family, couples, solo",variable
100,Hatta Dam,nature_outdoor,Dubai,"A mountain reservoir popular for kayaking, with scenic views of the Hajar Mountains.",8:00 AM - 6:00 PM,None,"couples, friends, adventure, family",free
101,Al Marmoom Desert Conservation Reserve,nature_outdoor,Dubai,"A protected desert reserve popular for cycling, hot air ballooning, and wildlife spotting including flamingos.",6:00 AM - 6:00 PM,None,"couples, solo, adventure, family",free
102,Dubai Safari Park,theme_entertainment,Dubai,"A large zoo divided into themed zones representing Asian, African, and Arabian wildlife habitats.",9:00 AM - 5:00 PM,Tuesday,family,free
103,Jumeirah Beach Hotel,hotel_resort,Dubai,A wave-shaped landmark beachfront hotel near Wild Wadi Waterpark.,24 hours (hotel),None,"family, couples",variable
104,Fairmont Dubai,hotel_resort,Dubai,A well-known 5-star hotel on Sheikh Zayed Road with multiple dining options.,24 hours (hotel),None,"business travel, couples",NA
105,JW Marriott Marquis Dubai,hotel_resort,Dubai,"One of the world's tallest hotels, located in Business Bay with extensive dining options.",24 hours (hotel),None,"business travel, couples, family",NA
106,Grand Hyatt Dubai,hotel_resort,Dubai,A large resort-style hotel near Dubai Creek with extensive gardens and pools.,24 hours (hotel),None,"family, business travel, couples",NA
107,Rove Downtown,hotel_resort,Dubai,"An affordable, modern hotel brand near Downtown Dubai popular with younger travelers.",24 hours (hotel),None,"solo, friends, couples",NA
108,Al Fanar Restaurant,restaurant_cafe,Dubai,A restaurant recreating 1960s Emirati life through décor and traditional Gulf dishes.,8:00 AM - 12:00 AM,None,"family, friends, couples",NA
109,Zaroob,restaurant_cafe,Dubai,"A casual, street-food-style Levantine restaurant chain popular for late-night shawarma and mezze.",10:00 AM - 3:00 AM,None,"friends, solo, family",NA
110,Salt,restaurant_cafe,Dubai,A popular gourmet burger truck/kiosk concept with several beachfront and mall locations.,12:00 PM - 12:00 AM,None,"friends, family, solo",NA
111,Pierchic,restaurant_cafe,Dubai,An overwater fine-dining seafood restaurant near Madinat Jumeirah with views of Burj Al Arab.,6:00 PM - 11:00 PM,None,"couples, business travel",NA
112,Bu Qtair,restaurant_cafe,Dubai,"A famously casual, no-frills seafood shack in Jumeirah, popular for fresh, spiced fried fish.",12:00 PM - 11:00 PM,None,"friends, solo, family",NA
113,Automatic Restaurant,restaurant_cafe,Dubai,A long-running Lebanese restaurant chain popular for mezze and grills.,9:00 AM - 1:00 AM,None,"family, friends",NA
114,Platinum Heritage Desert Safari,adventure_sports,Dubai,A heritage-focused desert safari operator offering vintage Land Rover drives and falconry experiences.,"Afternoon/evening tours, verify times",None,"couples, friends, family, adventure",variable
115,Arabian Adventures,adventure_sports,Dubai,"A well-known desert safari and tour operator offering dune bashing, camel rides, and BBQ dinners.","Afternoon/evening tours, verify times",None,"friends, family, adventure",variable
116,Dubai Creek,beach_waterfront,Dubai,"A natural saltwater inlet dividing old Dubai, popular for traditional abra boat rides between Deira and Bur Dubai.",Open 24 hours (abra rides run daytime-evening),None,"family, couples, solo",free
117,Aquaventure Waterpark,theme_entertainment,Dubai,"A large waterpark at Atlantis The Palm with slides, a private beach, and marine encounters.",10:00 AM - 6:00 PM,None,"family, friends",paid
118,Souk Madinat Jumeirah,heritage_culture,Dubai,"A traditional-style souk with waterways, boutique shops, and dining, set within the Madinat Jumeirah resort.",10:00 AM - 11:00 PM,None,"family, couples, friends",free
119,Dubai Design District (d3),landmark,Dubai,"A creative hub with galleries, design studios, cafes, and public art installations.",Open 24 hours (outdoor areas),None,"couples, solo, friends",free
120,Alserkal Avenue,museum_gallery,Dubai,"An arts and culture district in Al Quoz with galleries, studios, and creative events.",10:00 AM - 6:00 PM,"Friday-Saturday, verify","couples, solo, friends",free
121,Wafi Mall,shopping,Dubai,An Egyptian-themed mall known for its pyramid architecture and boutique shopping.,10:00 AM - 10:00 PM,None,"family, couples",NA
122,Emirates Palace Mandarin Oriental,hotel_resort,Abu Dhabi,An iconic ultra-luxury beachfront hotel known for gold-domed architecture and lavish interiors.,24 hours (hotel),None,"couples, business travel, family",NA
123,Rosewood Abu Dhabi,hotel_resort,Abu Dhabi,A waterfront luxury hotel on the Corniche with skyline views.,24 hours (hotel),None,"business travel, couples",NA
124,Rixos Premium Saadiyat Island,hotel_resort,Abu Dhabi,A beachfront resort on Saadiyat Island with extensive family and leisure facilities.,24 hours (hotel),None,"family, couples",NA
125,Yas Mall,shopping,Abu Dhabi,"One of the largest malls in the region, connected to Yas Island's theme parks.",10:00 AM - 10:00 PM,None,"family, friends",NA
126,Marina Mall Abu Dhabi,shopping,Abu Dhabi,"A waterfront mall with retail, dining, and a rotating restaurant tower.",10:00 AM - 10:00 PM,None,"family, couples",NA
127,Abu Dhabi Mall,shopping,Abu Dhabi,A centrally located mall with a wide mix of retail and dining options.,10:00 AM - 10:00 PM,None,"family, friends",NA
128,Al Wahda Mall,shopping,Abu Dhabi,"A large centrally located mall with retail, dining, and entertainment.",10:00 AM - 10:00 PM,None,"family, friends",free
129,Al Ain Oasis,nature_outdoor,Abu Dhabi,"A UNESCO-listed traditional oasis with walkable palm groves and ancient irrigation (falaj) systems, in Al Ain.",9:00 AM - 5:00 PM,None,"family, couples, solo",variable
130,Al Ain Zoo,theme_entertainment,Abu Dhabi,A large zoo in Al Ain housing a wide range of animals with conservation-focused programs.,9:00 AM - 6:00 PM,None,family,free
131,Jebel Hafeet,nature_outdoor,Abu Dhabi,"The UAE's second-highest mountain, near Al Ain, popular for its scenic winding drive and views.",Open 24 hours (outdoor),None,"couples, solo, adventure, friends",variable
132,Hili Archaeological Park,heritage_culture,Abu Dhabi,An archaeological site in Al Ain featuring Bronze Age tombs and structures.,8:00 AM - 8:00 PM,None,"family, couples, solo",variable
133,Wadi Adventure,adventure_sports,Abu Dhabi,An artificial white-water rafting and adventure park near Al Ain.,10:00 AM - 6:00 PM,Verify,"adventure, friends, family",free
134,Umm Al Emarat Park,nature_outdoor,Abu Dhabi,"A large central city park with walking trails, a mini zoo, and green space for families.",8:00 AM - 10:00 PM,None,"family, couples",free
135,Heritage Village Abu Dhabi,heritage_culture,Abu Dhabi,A recreated traditional Emirati village on the Corniche showing pre-oil era lifestyle.,9:00 AM - 5:00 PM,Friday morning,"family, couples, solo",free
136,Abrahamic Family House,heritage_culture,Abu Dhabi,"A complex on Saadiyat Island housing a mosque, church, and synagogue side by side, symbolizing interfaith coexistence.",10:00 AM - 6:00 PM,Monday,"family, couples, solo",variable
137,CLYMB Abu Dhabi,adventure_sports,Abu Dhabi,An indoor adventure hub on Yas Island with the world's largest indoor climbing wall and a skydiving simulator.,10:00 AM - 10:00 PM,None,"friends, adventure, family",variable
138,Yas Marina Circuit,adventure_sports,Abu Dhabi,"Home of the Abu Dhabi F1 Grand Prix, also open for track tours and karting outside race events.",Varies by event/tour schedule,Verify,"friends, business travel, adventure",variable
139,National Aquarium Abu Dhabi,theme_entertainment,Abu Dhabi,"One of the largest aquariums in the Middle East, with marine life exhibits across multiple zones.",10:00 AM - 10:00 PM,None,"family, couples, friends",paid
140,SeaWorld Abu Dhabi,theme_entertainment,Abu Dhabi,"A marine-life theme park on Yas Island combining rides, exhibits, and conservation education.",10:00 AM - 8:00 PM,None,"family, friends",variable
141,teamLab Phenomena Abu Dhabi,theme_entertainment,Abu Dhabi,An immersive digital art museum exploring nature and technology through large-scale installations.,10:00 AM - 8:00 PM,None,"couples, solo, friends, family",NA
142,Li Beirut,restaurant_cafe,Abu Dhabi,An upscale Lebanese restaurant known for reimagined Beiruti classics.,1:00 PM - 12:00 AM,None,"couples, business travel, friends",NA
143,Marmellata Bakery,restaurant_cafe,Abu Dhabi,A well-regarded bakery-cafe recognized on regional best-restaurant lists.,7:00 AM - 10:00 PM,None,"solo, couples, friends",free
144,Etihad Towers,landmark,Abu Dhabi,A cluster of five towers with an observation deck offering panoramic views of the Corniche and Presidential Palace.,9:00 AM - 11:00 PM,None,"couples, business travel, family",variable
145,Zayed Sports City,adventure_sports,Abu Dhabi,"A large sports complex hosting events, an ice rink, and recreational facilities.",Varies by facility,Varies,"family, friends",free
146,Mangrove National Park (Abu Dhabi),nature_outdoor,Abu Dhabi,"Kayaking and boat tours through Abu Dhabi's mangrove forests, a haven for birdlife.",7:00 AM - 6:00 PM,None,"couples, solo, family, adventure",variable
147,Qasr Al Hosn,heritage_culture,Abu Dhabi,"The oldest stone building in Abu Dhabi, a former fort and palace now a cultural heritage site.",9:00 AM - 7:00 PM,None,"family, couples, solo",free
148,Sahara Centre,shopping,Sharjah,"A large mall with retail, dining, and family entertainment zones.",10:00 AM - 10:00 PM,None,"family, friends",NA
149,City Centre Sharjah,shopping,Sharjah,A major mall offering a wide range of retail and dining options.,10:00 AM - 10:00 PM,None,"family, friends",NA
150,Al Noor Mosque,heritage_culture,Sharjah,"A landmark mosque on the Sharjah Corniche known for Ottoman-style architecture, illuminated at night.",Verify visiting hours,Friday morning,"family, couples, solo",free
151,House of Wisdom,museum_gallery,Sharjah,A modern public library and cultural landmark blending traditional design with contemporary architecture.,9:00 AM - 9:00 PM,None,"couples, solo, family",free
152,Mleiha Archaeological Centre,museum_gallery,Sharjah,"A desert heritage site with fossil and archaeological finds, plus desert adventure activities nearby.",9:00 AM - 5:00 PM,Verify,"family, couples, solo, adventure",free
153,Kalba Corniche,beach_waterfront,Sharjah,"A quiet east-coast waterfront area in the Kalba enclave of Sharjah, popular for birdwatching.",Open 24 hours,None,"family, couples, solo",variable
154,Sharjah Botanical Garden,nature_outdoor,Sharjah,A garden showcasing native and exotic plant collections with themed sections.,8:00 AM - 6:00 PM,Verify,"family, couples, solo",NA
155,Sharjah Discovery Centre,museum_gallery,Sharjah,An interactive science and discovery museum designed for children and families.,9:00 AM - 5:00 PM,Friday morning,family,NA
156,Radisson Blu Resort Sharjah,hotel_resort,Sharjah,A beachfront resort hotel on the Sharjah Corniche.,24 hours (hotel),None,"family, couples",NA
157,Sheraton Sharjah Beach Resort,hotel_resort,Sharjah,A beachfront hotel offering resort-style amenities in Sharjah.,24 hours (hotel),None,"family, couples",free
158,Saqr Park,nature_outdoor,Ras Al Khaimah,A popular green space in central RAK with recreational facilities.,8:00 AM - 10:00 PM,None,"family, couples",free
159,Al Hamra Village,landmark,Ras Al Khaimah,"A waterfront community with a marina, golf course, and dining options.",Open 24 hours (outdoor areas),None,"family, couples, business travel",free
160,Al Wadi Desert,nature_outdoor,Ras Al Khaimah,A protected desert reserve offering wildlife spotting and desert activities near a luxury resort.,Verify tour times,None,"couples, adventure, family",free
161,Wadi Shawka,nature_outdoor,Ras Al Khaimah,A mountain wadi popular for hiking and seasonal pools after rainfall.,Daylight hours,Weather dependent,"couples, solo, adventure, friends",free
162,RAK Corniche,beach_waterfront,Ras Al Khaimah,A waterfront promenade in RAK city popular for evening walks.,Open 24 hours,None,"family, couples",NA
163,Waldorf Astoria Ras Al Khaimah,hotel_resort,Ras Al Khaimah,A luxury beachfront resort on Al Marjan Island.,24 hours (hotel),None,"couples, family, business travel",NA
164,Hilton Al Hamra Beach Resort,hotel_resort,Ras Al Khaimah,A beach resort with golf course access in Al Hamra Village.,24 hours (hotel),None,"family, couples",free
165,InterContinental Ras Al Khaimah Resort,hotel_resort,Ras Al Khaimah,A beachfront resort hotel with multiple dining and leisure options.,24 hours (hotel),None,"family, couples, business travel",variable
166,Fujairah Corniche,beach_waterfront,Fujairah,A waterfront promenade in Fujairah city popular for walking and views of the Gulf of Oman.,Open 24 hours,None,"family, couples",variable
167,Madhab Gorge,nature_outdoor,Fujairah,A mountain gorge with hiking trails and seasonal pools in the Fujairah interior.,Daylight hours,Weather dependent,"couples, solo, adventure, friends",NA
168,Wadi Al Bih,nature_outdoor,Fujairah,A scenic mountain wadi on the Fujairah-RAK border popular for off-road driving and hiking.,Daylight hours,Weather dependent,"adventure, friends, couples",NA
169,Dibba,landmark,Fujairah,"A coastal town split across three emirates, known for its port, beaches, and access to Musandam boat trips.",Open 24 hours (town/beach areas),None,"family, couples, adventure",NA
170,Fujairah Friday Market,shopping,Fujairah,"A roadside market along the Sharjah-Fujairah mountain road, known for pottery, fruit, and local goods.",8:00 AM - 8:00 PM,None,"family, friends, solo",free
171,Le Meridien Al Aqah Beach Resort,hotel_resort,Fujairah,A beachfront resort near Snoopy Island popular for diving and family stays.,24 hours (hotel),None,"family, couples",free
172,Fairmont Fujairah Beach Resort,hotel_resort,Fujairah,A beachfront resort offering diving excursions and family facilities.,24 hours (hotel),None,"family, couples",NA
173,Ajman Marina,beach_waterfront,Ajman,A waterfront marina district with dining and walking paths.,Open 24 hours (outdoor),None,"family, couples, friends",free
174,Al Zorah Golf Club,adventure_sports,Ajman,"A golf course within the Al Zorah development, set against mangroves and coastline.",Verify tee times,None,"couples, business travel, friends",NA
175,Ajman Kids Park,theme_entertainment,Ajman,A family-oriented park with play areas and green space.,8:00 AM - 10:00 PM,None,family,NA
176,"Ajman Saray, a Luxury Collection Resort",hotel_resort,Ajman,A beachfront luxury resort in Ajman with extensive leisure facilities.,24 hours (hotel),None,"family, couples",NA
177,Fairmont Ajman,hotel_resort,Ajman,A beachfront hotel offering resort-style amenities.,24 hours (hotel),None,"family, couples, business travel",NA
178,Ramada Beach Hotel Ajman,hotel_resort,Ajman,A beachfront mid-range hotel option in Ajman.,24 hours (hotel),None,"family, solo, couples",NA
179,UAQ Corniche,beach_waterfront,Umm Al Quwain,A quiet waterfront promenade in Umm Al Quwain city.,Open 24 hours,None,"family, couples, solo",NA
180,Al Salam Park UAQ,nature_outdoor,Umm Al Quwain,A local park offering green space and family recreation areas.,8:00 AM - 10:00 PM,None,family,NA
181,Palma Beach Resort,hotel_resort,Umm Al Quwain,A quiet beachfront resort offering a relaxed alternative to busier emirates.,24 hours (hotel),None,"family, couples",NA
182,Flamingo Beach UAQ,beach_waterfront,Umm Al Quwain,A coastal area known for seasonal flamingo sightings.,Daylight hours,Seasonal,"couples, solo, family",NA
183,Beach Rotana Abu Dhabi,hotel_resort,Abu Dhabi,A beachfront hotel on the Abu Dhabi Corniche with multiple dining venues.,24 hours (hotel),None,"family, couples, business travel",NA
184,Yas Island Rotana,hotel_resort,Abu Dhabi,"A hotel on Yas Island close to the theme parks, popular with families.",24 hours (hotel),None,"family, friends",NA
185,Centro Yas by Rotana,hotel_resort,Abu Dhabi,"An affordable, modern hotel option on Yas Island.",24 hours (hotel),None,"solo, business travel, family",NA
186,Al Ain Rotana,hotel_resort,Abu Dhabi,A hotel in Al Ain popular with visitors to the oasis and zoo.,24 hours (hotel),None,"family, business travel",NA
187,Media Rotana Dubai,hotel_resort,Dubai,A business-district hotel popular with media and corporate travelers.,24 hours (hotel),None,"business travel, solo",NA
188,City Centre Rotana Dubai,hotel_resort,Dubai,"A hotel connected to Deira City Centre mall, convenient for shopping and dining.",24 hours (hotel),None,"business travel, family",NA
189,Rixos Premium Dubai JBR,hotel_resort,Dubai,A beachfront resort hotel on Jumeirah Beach Residence.,24 hours (hotel),None,"family, couples",NA
190,Sofitel Dubai The Palm,hotel_resort,Dubai,A beachfront resort on Palm Jumeirah with extensive leisure facilities.,24 hours (hotel),None,"family, couples",NA
191,Tashas,restaurant_cafe,Dubai,A popular South African-origin all-day dining cafe chain with several Dubai locations.,8:00 AM - 11:00 PM,None,"friends, family, solo",NA
192,Comptoir 102,restaurant_cafe,Dubai,A boutique concept-store cafe in Jumeirah popular for brunch.,9:00 AM - 6:00 PM,None,"friends, couples, solo",NA
193,Reif Japanese Kushiyaki,restaurant_cafe,Dubai,A Japanese grill restaurant known for skewers and izakaya-style dining.,6:00 PM - 1:00 AM,None,"friends, couples",NA
194,Karak House,restaurant_cafe,Dubai,"A casual UAE-origin cafe chain known for karak tea and local snacks, with many branches.",7:00 AM - 1:00 AM,None,"friends, solo, family",NA
195,Copthorne Hotel Sharjah,hotel_resort,Sharjah,A centrally located hotel near Sharjah's heritage area.,24 hours (hotel),None,"business travel, family",NA
196,Four Points by Sheraton Sharjah,hotel_resort,Sharjah,A modern hotel option in central Sharjah.,24 hours (hotel),None,"business travel, solo",NA
197,Sharjah Golf and Shooting Club,adventure_sports,Sharjah,A golf and recreational sports club in Sharjah.,Verify tee times,None,"couples, business travel, friends",variable
198,City Centre Ajman,shopping,Ajman,"A major mall in Ajman with retail, dining, and a cinema.",10:00 AM - 10:00 PM,None,"family, friends",NA
199,Ajman China Mall,shopping,Ajman,A large wholesale and retail mall known for affordable goods and variety.,10:00 AM - 10:00 PM,None,"family, friends, solo",NA
200,Al Tallah Camel Race Course,adventure_sports,Ajman,"A traditional camel racing track, offering visitors a glimpse of Emirati sporting heritage.","Early morning race days, verify schedule",Verify,"family, couples, solo, adventure",free
201,Hamidiya Mosque,heritage_culture,Ajman,A notable historic mosque in Ajman.,Verify visiting hours,Friday morning,"family, couples, solo",free
202,Radisson Blu Hotel Ajman,hotel_resort,Ajman,A beachfront luxury hotel near City Centre Ajman.,24 hours (hotel),None,"family, couples, business travel",NA
203,Wyndham Garden Ajman Corniche,hotel_resort,Ajman,A beachfront hotel with pool and health club near the Ajman Corniche.,24 hours (hotel),None,"family, couples",NA
204,Kempinski Hotel Ajman,hotel_resort,Ajman,A beachfront luxury resort in Ajman.,24 hours (hotel),None,"family, couples, business travel",NA
205,Ajman Saif Restaurant,restaurant_cafe,Ajman,A restaurant well known locally for its meat biryanis.,11:00 AM - 12:00 AM,None,"family, friends, solo",NA
206,Marasea Restaurant,restaurant_cafe,Ajman,"A seafood-forward restaurant serving Middle Eastern, Portuguese, Lebanese, and Asian dishes.",1:00 PM - 12:00 AM,None,"couples, friends, family",NA
207,Ajman Fish Souk,shopping,Ajman,A traditional fish market popular for fresh catch and a lively local atmosphere.,6:00 AM - 10:00 PM,None,"solo, friends, family",free
208,Mall of UAQ,shopping,Umm Al Quwain,"A mall anchored by a large hypermarket, cinema, and family dining options.",10:00 AM - 10:00 PM,None,"family, friends",NA
209,Little Bavaria & Beach Garten,restaurant_cafe,Umm Al Quwain,A Bavarian-themed beachside restaurant with a beer garden and German cuisine.,1:00 PM - 12:00 AM,None,"friends, couples",NA
210,Bait Al Mandi,restaurant_cafe,Umm Al Quwain,"A restaurant serving authentic Yemeni cuisine, known for its mandi rice dishes.",12:00 PM - 12:00 AM,None,"family, friends",NA
211,Thalassery Restaurant,restaurant_cafe,Umm Al Quwain,An Indian restaurant known for South Indian dishes.,11:00 AM - 11:00 PM,None,"family, friends, solo",NA
212,Vida Beach Resort Umm Al Quwain,hotel_resort,Umm Al Quwain,A beachfront resort offering modern rooms and leisure facilities.,24 hours (hotel),None,"family, couples",NA
213,Pearl Hotel & Spa,hotel_resort,Umm Al Quwain,A beachfront hotel with spa facilities in the Al Hamra area of UAQ.,24 hours (hotel),None,"couples, family",NA
214,The Zoo Wild Life Park,theme_entertainment,Umm Al Quwain,A wildlife park in Umm Al Quwain offering animal encounters.,9:00 AM - 6:00 PM,Verify,family,NA
215,Umm Al Qwain Open Beach,beach_waterfront,Umm Al Quwain,A public open beach popular with locals and visitors for a quieter coastal experience.,Open 24 hours,None,"family, couples, solo",NA
216,Manar Mall,shopping,Ras Al Khaimah,"A shopping mall in Ras Al Khaimah with retail, dining, and entertainment.",10:00 AM - 10:00 PM,None,"family, friends",variable
217,RAK National Museum Fort,museum_gallery,Ras Al Khaimah,"Housed in a historic fort, showcasing RAK's archaeology and Emirati heritage (same complex as the National Museum).",9:00 AM - 5:00 PM,Verify,"family, couples, solo",free
218,Al Rams,landmark,Ras Al Khaimah,"A traditional fishing village in RAK, known for dhow building and quiet coastal scenery.",Open 24 hours (village/coastal area),None,"couples, solo, family",NA
219,Al Bithnah Fort,heritage_culture,Fujairah,"A historic fort in Fujairah's interior, notable for its defensive architecture.",8:00 AM - 5:00 PM,Verify,"couples, solo, family",variable
220,Fujairah Adventure Centre,adventure_sports,Fujairah,"An outdoor adventure hub offering hiking, biking, and team activities in the mountains.",Verify tour times,None,"adventure, friends, family",NA
221,Miramar Al Aqah Beach Resort,hotel_resort,Fujairah,A beachfront resort near Snoopy Island popular for diving trips.,24 hours (hotel),None,"family, couples",free
222,Mega Mall Sharjah,shopping,Sharjah,"A shopping mall in Sharjah with retail, dining, and family entertainment.",10:00 AM - 10:00 PM,None,"family, friends",free
223,Kalba Kingfisher Trail,nature_outdoor,Sharjah,"A mangrove boardwalk trail in Kalba popular for birdwatching, notably kingfishers.",7:00 AM - 6:00 PM,None,"couples, solo, family",free
224,Al Qasimia University area heritage walk,heritage_culture,Sharjah,A heritage walking area showcasing Sharjah's academic and architectural history.,Open daytime hours,Verify,"solo, couples",NA
225,Dubai Marina Walk,beach_waterfront,Dubai,A scenic waterfront promenade along Dubai Marina lined with cafes and skyscraper views.,Open 24 hours,None,"family, couples, friends",free
226,Dubai Spice Souk,shopping,Dubai,"A historic covered market in Deira selling spices, herbs, and Arabian goods.",9:00 AM - 10:00 PM,None,"family, couples, solo, friends",free
227,Dubai Gold Souk,shopping,Dubai,A traditional market in Deira famous for its dense concentration of gold and jewelry shops.,10:00 AM - 10:00 PM,None,"family, couples, friends",free
228,The Beach at JBR,beach_waterfront,Dubai,"An open-air mall and beachfront promenade with retail, dining, and beach access.",10:00 AM - 11:00 PM,None,"family, couples, friends",free
229,AquaFun Dubai,theme_entertainment,Dubai,"A large inflatable water obstacle course off JBR beach, a Guinness World Record holder for size.",9:00 AM - 6:00 PM,None,"family, friends, adventure",variable
230,Dhow Cruise Dubai Marina,adventure_sports,Dubai,A traditional wooden boat dinner cruise along Dubai Marina with live entertainment.,"Evening departures, verify times",None,"couples, family, friends",variable
231,Ashiana by Vineet,restaurant_cafe,Dubai,"A refined North Indian restaurant at Sheraton Deira known for consistent, high-quality classics.",1:00 PM - 11:00 PM,None,"couples, business travel, family",NA
232,Zaroob DIFC,restaurant_cafe,Dubai,A Dubai-born Levantine casual dining chain with a DIFC location popular for lunch.,10:00 AM - 1:00 AM,None,"friends, solo, business travel",NA
233,Al Quoz Art Cafes,restaurant_cafe,Dubai,"A cluster of trendy cafes in the Al Quoz arts district, popular with creatives and coffee lovers.",8:00 AM - 8:00 PM,Verify,"solo, couples, friends",NA
234,VR Park Dubai Mall,theme_entertainment,Dubai,A virtual reality entertainment zone inside Dubai Mall.,10:00 AM - 10:00 PM,None,"friends, family",variable
235,Lost Chambers Aquarium,theme_entertainment,Dubai,"An aquarium at Atlantis The Palm themed around a lost city, with marine life exhibits.",10:00 AM - 10:00 PM,None,"family, couples, friends",variable
236,Deira Old Souk Abra Station,heritage_culture,Dubai,A traditional water-taxi (abra) crossing point on Dubai Creek connecting Deira and Bur Dubai.,6:00 AM - 12:00 AM,None,"family, couples, solo",free
237,Saadiyat Cultural District,landmark,Abu Dhabi,The cultural district on Saadiyat Island housing Louvre Abu Dhabi and future museum projects.,Varies by venue,Varies,"family, couples, solo",free
238,World Trade Center Mall Abu Dhabi,shopping,Abu Dhabi,A central mall combined with a traditional-style souk section.,10:00 AM - 10:00 PM,None,"family, friends",NA
239,Al Ain National Museum,museum_gallery,Abu Dhabi,A museum in Al Ain covering the region's archaeology and heritage.,9:00 AM - 5:00 PM,Verify,"family, couples, solo",variable
240,Corniche Abu Dhabi Cycle Track,adventure_sports,Abu Dhabi,A long dedicated cycling and walking track along the Abu Dhabi Corniche.,Open 24 hours,None,"couples, solo, friends, adventure",NA
241,Talea by Antonio Guida,restaurant_cafe,Abu Dhabi,"An upscale Italian restaurant by a Michelin-starred chef, located in Abu Dhabi.",6:00 PM - 11:30 PM,None,"couples, business travel",NA
242,Al Hamra Mall,shopping,Ras Al Khaimah,"A mall in Al Hamra Village with retail, dining, and cinema.",10:00 AM - 10:00 PM,None,"family, friends",NA
243,Safari Mall Ras Al Khaimah,shopping,Ras Al Khaimah,"A mall with around 40 stores offering shopping, dining, and leisure in central RAK.",10:00 AM - 10:00 PM,None,"family, friends",NA
244,RAK Track,adventure_sports,Ras Al Khaimah,A go-kart racing track offering rental and professional karting experiences.,10:00 AM - 10:00 PM,Verify,"friends, adventure, family",NA
245,RAK Nature's Treasures,museum_gallery,Ras Al Khaimah,"A private collection museum featuring gemstones, fossils, taxidermy, and natural history items.",9:00 AM - 6:00 PM,Verify,"family, couples, solo",NA
246,India Palace RAK,restaurant_cafe,Ras Al Khaimah,A popular Indian restaurant inside a RAK mall known for curry dishes.,12:00 PM - 11:00 PM,None,"family, friends",NA
247,Madfoon Al Sadda,restaurant_cafe,Ras Al Khaimah,"A highly reviewed restaurant in RAK known for madfoon, a traditional buried-cooking meat dish.",1:00 PM - 12:00 AM,None,"family, friends, solo",NA
248,Fujairah Mall,shopping,Fujairah,"A mall in Fujairah with retail, dining, and a cinema.",10:00 AM - 10:00 PM,None,"family, friends",NA
249,Fujairah City Centre,shopping,Fujairah,A shopping mall with a range of retail and dining options in Fujairah.,10:00 AM - 10:00 PM,None,"family, friends",NA
250,Emirates Sea Restaurant,restaurant_cafe,Fujairah,A Corniche-street seafood restaurant blending Indian flavors with continental dishes.,12:00 PM - 12:00 AM,None,"family, friends",NA
251,Sadaf Restaurant,restaurant_cafe,Fujairah,An Iranian restaurant on Fujairah's Corniche Street.,1:00 PM - 12:00 AM,None,"family, friends, couples",NA
252,MADO Restaurant Fujairah,restaurant_cafe,Fujairah,A Turkish restaurant at Fujairah City Centre known for its live bakery and desserts.,10:00 AM - 12:00 AM,None,"family, friends, couples",NA
253,Al Fanar Restaurant & Cafe Sharjah,restaurant_cafe,Sharjah,"A heritage-style Emirati restaurant opposite Al Majaz Waterfront, recreating 1960s UAE decor.",8:00 AM - 12:00 AM,None,"family, friends, couples",NA
254,CAYA Al Majaz,restaurant_cafe,Sharjah,A chic coastal-style cafe at Al Majaz known for healthy bowls and late-night live music.,9:00 AM - 1:00 AM,None,"friends, couples, solo",NA
255,Sebastian's Al Khan,restaurant_cafe,Sharjah,A restaurant in the Al Khan area known for creative international dishes.,1:00 PM - 12:00 AM,None,"couples, friends",NA
256,Gazebo Restaurant Sharjah,restaurant_cafe,Sharjah,A well-reviewed Indian restaurant popular in Sharjah's dining scene.,12:00 PM - 12:00 AM,None,"family, friends",NA
257,Fish Market Sharjah,restaurant_cafe,Sharjah,A seafood restaurant where guests select fresh fish to be cooked to order.,1:00 PM - 12:00 AM,None,"family, friends, couples",NA
258,Novotel Sharjah Expo Centre,hotel_resort,Sharjah,"A hotel connected to the Sharjah Expo Centre, popular with business travelers.",24 hours (hotel),None,"business travel, solo",variable
259,DoubleTree by Hilton Sharjah Waterfront,hotel_resort,Sharjah,A waterfront hotel with resort-style amenities in Sharjah.,24 hours (hotel),None,"family, couples, business travel",free
260,Pullman Sharjah,hotel_resort,Sharjah,A modern hotel option in Sharjah suited to business and leisure travelers.,24 hours (hotel),None,"business travel, family",NA
261,Occidental Sharjah Grand,hotel_resort,Sharjah,A centrally located hotel in Sharjah with easy access to the airport and city.,24 hours (hotel),None,"business travel, family",NA
262,Sharjah City Centre,shopping,Sharjah,A mall with a wide food court and family dining options in Sharjah.,10:00 AM - 10:00 PM,None,"family, friends",variable
263,Maritime Museum Sharjah,museum_gallery,Sharjah,A museum dedicated to Sharjah's seafaring and pearl-diving heritage.,8:00 AM - 8:00 PM,Verify,"family, couples, solo",variable
264,Buhaira Corniche,beach_waterfront,Sharjah,A scenic waterfront corniche along Khalid Lagoon in Sharjah.,Open 24 hours,None,"family, couples, solo",free
265,Talise Spa at Burj Al Arab,hotel_resort,Dubai,A luxury spa within Burj Al Arab offering panoramic Gulf views and bespoke treatments.,9:00 AM - 10:00 PM,None,"couples, solo",free
266,Al Maha Desert Resort Spa,hotel_resort,Dubai,"A desert sanctuary spa within a wildlife reserve, popular for couples and honeymooners.",9:00 AM - 9:00 PM,None,couples,variable
267,Roar Adventure Tourism Desert Safari,adventure_sports,Dubai,"A licensed desert safari operator offering dune bashing, camel rides, and BBQ dinners with a sustainability focus.","Afternoon/evening tours, verify times",None,"family, friends, adventure",variable
268,Emirates Desert Tours,adventure_sports,Dubai,A desert safari operator running private camps offering dune bashing and cultural entertainment.,"Afternoon/evening tours, verify times",None,"family, friends, adventure",variable
269,Love Lake Desert Experience,nature_outdoor,Dubai,A heart-shaped desert lake popular for sunrise/sunset visits and desert wellness activities.,Daylight/sunset hours,None,"couples, solo",NA
270,Dubai Desert Conservation Reserve,nature_outdoor,Dubai,"A protected reserve home to Arabian oryx and other native wildlife, with limited licensed safari access.","Tour-based access, verify",None,"couples, adventure, family",NA
271,Xtreme Sightseeing Tourism Desert Safari,adventure_sports,Abu Dhabi,"A licensed Abu Dhabi desert safari operator offering dune bashing, camel rides, and BBQ dinners.","Morning/evening tours, verify times",None,"family, friends, adventure",free
272,Dunez Abu Dhabi Desert Safari,adventure_sports,Abu Dhabi,"A desert safari operator offering dune bashing, sandboarding, and buffet dinner packages.","Morning/evening tours, verify times",None,"family, friends, adventure",variable
273,Emirates Tours & Safari Abu Dhabi,adventure_sports,Abu Dhabi,An award-winning Abu Dhabi desert safari and city tour operator.,"Morning/evening tours, verify times",None,"family, friends, adventure",variable
274,Anantara Spa Qasr Al Sarab,hotel_resort,Abu Dhabi,A luxury desert resort spa in the Liwa/Empty Quarter area of Abu Dhabi.,9:00 AM - 9:00 PM,None,couples,variable
275,Bab Al Shams Desert Spa,hotel_resort,Abu Dhabi,A desert resort spa offering treatments amid dune scenery outside Abu Dhabi.,9:00 AM - 9:00 PM,None,couples,variable
276,Liwa Oasis,nature_outdoor,Abu Dhabi,"A vast desert oasis region in Abu Dhabi's Al Dhafra area, known for towering dunes and date palm groves.",Daylight hours (self-drive/tour access),None,"couples, solo, adventure, family",variable
277,Desert Safari Ras Al Khaimah (SunCity Tours),adventure_sports,Ras Al Khaimah,"A desert safari operator in RAK offering dune bashing, mountain safari, and romantic dune dinners in Al Wadi Desert.","Morning/evening tours, verify times",None,"family, friends, adventure, couples",variable
278,RAK Mountain Safari,adventure_sports,Ras Al Khaimah,A 4x4 mountain safari tour up RAK's highest mountain terrain with an experienced off-road guide.,Verify tour times,None,"adventure, friends, couples",variable
279,Camel Ride Tour Al Wadi Desert,adventure_sports,Ras Al Khaimah,A camel trekking experience across the red dunes of Al Wadi Desert in RAK.,"Morning/evening, verify times",None,"family, couples, solo",free
280,Fujairah Mountain Safari,adventure_sports,Fujairah,A 4x4 off-road tour through Fujairah's Hajar Mountain terrain and wadis.,Verify tour times,None,"adventure, friends, couples",NA
281,Dibba Musandam Dhow Cruise,adventure_sports,Fujairah,"A boat cruise from Dibba into the Musandam fjords, popular for dolphin watching and snorkeling.","Morning departures, verify times",None,"family, couples, friends, adventure",paid
282,Zerzura Desert Safari Mleiha,adventure_sports,Sharjah,A boutique self-drive dune buggy and private desert dining operator inside protected Mleiha National Park.,"October-onwards seasonal, verify",Seasonal,"couples, friends, adventure",variable
283,Maliha Desert Safari,adventure_sports,Sharjah,"A private desert safari operator in Mleiha offering dune bashing, camel rides, and Bedouin camp dinners.","Morning/evening tours, verify times",None,"family, friends, couples, adventure",free
284,Camel Rock Mleiha,nature_outdoor,Sharjah,"A wind-sculpted sandstone formation resembling a camel, a notable stop on Mleiha desert tours.",Daylight hours (tour access),None,"family, couples, solo, adventure",free
285,Ravi Restaurant Karama,restaurant_cafe,Dubai,A Karama-area sister branch of the long-running Ravi restaurant chain.,8:00 AM - 2:00 AM,None,"solo, friends, family",free
287,Al Ain Paradise Amusement Park,theme_entertainment,Abu Dhabi,A family amusement park in Al Ain with rides and green picnic areas.,4:00 PM - 11:00 PM,None,"family, friends",NA
288,Mushrif Palace Park,nature_outdoor,Abu Dhabi,"A large park in Al Ain themed around a historic palace, with train rides and gardens.",9:00 AM - 11:00 PM,None,family,NA
289,Wahat Al Karama,landmark,Abu Dhabi,"A national memorial honoring UAE's fallen soldiers, featuring large stainless-steel sculptures.",9:00 AM - 10:00 PM,None,"family, couples, solo",NA
290,Al Wathba Wetland Reserve,nature_outdoor,Abu Dhabi,A wetland reserve near Abu Dhabi known for flamingo sightings and birdwatching.,7:00 AM - 5:00 PM,None,"couples, solo, family",variable
291,Ripe Market Dubai,shopping,Dubai,A seasonal outdoor farmers and lifestyle market held in various Dubai locations.,"Weekend mornings, verify schedule",Weekdays (seasonal market),"family, friends, couples",free
292,Times Square Center Dubai,shopping,Dubai,A mid-size mall in Dubai with retail and dining options.,10:00 AM - 10:00 PM,None,"family, friends",variable
293,Nakheel Mall,shopping,Dubai,A mall on Palm Jumeirah with a large indoor family entertainment zone and observation deck.,10:00 AM - 10:00 PM,None,"family, friends",variable
294,City Walk Dubai,shopping,Dubai,An open-air retail and dining boulevard in Dubai with a modern urban design.,10:00 AM - 11:00 PM,None,"family, couples, friends",NA
295,Sharjah Aquatic Centre,adventure_sports,Sharjah,A public aquatic and swimming facility in Sharjah.,6:00 AM - 10:00 PM,Verify,"family, friends",variable
296,Al Dhaid Friday Market,shopping,Sharjah,"A large roadside market in Al Dhaid known for produce, plants, and pottery.",8:00 AM - 8:00 PM,None,"family, friends, solo",variable
297,Barjeel Art Foundation,museum_gallery,Sharjah,An art gallery in Sharjah showcasing modern and contemporary Arab art.,10:00 AM - 8:00 PM,Friday morning,"couples, solo",variable
298,Al Jazeera Al Hamra Ghost Town Night Tour,heritage_culture,Ras Al Khaimah,"A guided evening tour through the abandoned pearling village, focused on its history and folklore.","Evening tours, verify schedule",None,"couples, friends, solo",variable
299,Iceland Water Park VIP Cabana,theme_entertainment,Ras Al Khaimah,Premium cabana experience option at RAK's Iceland Water Park.,10:00 AM - 6:00 PM,None,"family, couples, friends",variable
300,Sandy Beach Hotel & Resort,hotel_resort,Fujairah,A dive-focused beach resort near Snoopy Island with its own house reef.,24 hours (hotel),None,"family, couples, adventure",variable
301,Skydive Dubai,adventure_sports,Dubai,"Real tandem skydiving over Palm Jumeirah and the Dubai coastline, a genuine jump not a simulator.","Morning slots, verify booking times",None,"adventure, friends, solo",variable
302,Al Marmoom Desert Camping,adventure_sports,Dubai,Overnight desert camping experience in Al Marmoom Reserve with stargazing and traditional Bedouin-style tents.,"Evening check-in, verify times",None,"family, friends, couples, adventure",NA
303,1000 Nights Camp Overnight Safari,adventure_sports,Dubai,"An overnight desert camp offering traditional dinner, entertainment, and Bedouin-style tent stays in Dubai's desert.","Evening check-in, verify times",None,"family, friends, couples, adventure",free
304,Dubai Autodrome Karting,adventure_sports,Dubai,A professional go-karting circuit in Dubai open to visitors for racing sessions.,10:00 AM - 10:00 PM,None,"friends, adventure, solo",free
305,Dune Buggy Drifting Dubai Desert,adventure_sports,Dubai,"Self-drive dune buggy tours through Dubai's desert dunes, popular for adrenaline-focused visitors.","Morning/afternoon sessions, verify times",None,"friends, adventure, solo",free
306,Sandboarding Dubai Desert,adventure_sports,Dubai,"Sandboarding down desert dunes, usually offered as an add-on during desert safari tours.","Afternoon/evening tours, verify times",None,"family, friends, adventure",free
307,Skydive Abu Dhabi (Al Ain Zone),adventure_sports,Abu Dhabi,"Real tandem skydiving over Al Ain, offering desert and mountain views during descent.","Morning slots, verify booking times",None,"adventure, friends, solo",free
308,Qasr Al Sarab Desert Camping,hotel_resort,Abu Dhabi,"Overnight desert camping near the Liwa dunes, combining traditional camp stays with luxury touches.","Evening check-in, verify times",None,"couples, family, adventure",free
309,Yas Beach,beach_waterfront,Abu Dhabi,"Private beach on Yas Island offering soft sand, calm waters, water sports, and relaxing seaside facilities.","Generally 10:00am-7:00pm, verify seasonal schedule",None,"family, friends, couples, solo",variable
310,Hudayriyat Island,beach_waterfront,Abu Dhabi,"Large leisure and recreation island in Abu Dhabi featuring beaches, cycling tracks, sports facilities, parks, and waterfront attractions.",Open 24 hours; individual facilities have separate hours,None,"family, friends, couples, adventure, solo",variable
311,Delma Island,nature_outdoor,Abu Dhabi,"Historic island off Abu Dhabi's western coast known for traditional Emirati heritage, beaches, and archaeological sites.",Generally accessible throughout the day; ferry and attraction schedules vary,None,"family, friends, couples, adventure, solo",variable
312,Al Qana,beach_waterfront,Abu Dhabi,"Waterfront entertainment destination in Abu Dhabi featuring restaurants, cafés, an aquarium, cinemas, and recreational attractions.",Generally 10:00am-12:00am; individual venues vary,None,"family, friends, couples, solo",variable
313,Yas Bay Waterfront,beach_waterfront,Abu Dhabi,"Lively waterfront district on Yas Island featuring restaurants, entertainment venues, hotels, and views of the marina.",Generally open daily from morning until late night; individual venues vary,None,"family, friends, couples, solo, business travel",variable
314,Kite Beach,beach_waterfront,Dubai,"Popular public beach in Dubai known for its wide sandy shoreline, jogging track, water sports, and views of Burj Al Arab.",Open 24 hours; retail and leisure venues generally 10:00am-10:00pm,None,"family, friends, couples, adventure, solo",variable
315,Dubai Butterfly Garden,theme_entertainment,Dubai,Indoor butterfly garden in Dubai housing thousands of butterflies in climate-controlled domes filled with plants and flowers.,"Generally 9:00am-6:00pm, verify current schedule",None,"family, friends, couples, solo",variable
316,Museum of Illusions,museum_gallery,Dubai,"Interactive museum in Dubai featuring optical illusions, visual puzzles, holograms, and immersive exhibits.","Generally 10:00am-10:00pm weekdays and later on weekends, verify",None,"family, friends, couples, solo",variable
317,The View at The Palm,landmark,Sharjah,"Observation deck at the Palm Tower offering panoramic views of Palm Jumeirah, Dubai Marina, and the Arabian Gulf.","Generally 9:00am-7:30pm, verify current schedule",None,"family, friends, couples, solo",NA
318,Rain Room,museum_gallery,Sharjah,Immersive art installation in Sharjah where visitors walk through continuous artificial rainfall without getting wet.,"Generally Sat-Thu 9:00am-9:00pm, Fri 4:00pm-11:00pm","Sunday, verify","family, friends, couples, solo",free
319,Sharjah Science Museum,museum_gallery,Sharjah,"Interactive museum in Sharjah featuring hands-on exhibits designed to teach visitors about science, technology, and scientific principles.","Generally 8:00am-8:00pm, verify current schedule",None,"family, friends, solo",variable
320,Hanging Gardens Kalba,nature_outdoor,Sharjah,"Large landscaped mountain attraction in Kalba featuring gardens, walking paths, terraces, recreational areas, and scenic views.","Generally 8:00am-10:00pm, verify seasonal schedule",None,"family, friends, couples, solo",free
321,Sharjah Archeology Museum,museum_gallery,Sharjah,Museum in Sharjah displaying archaeological discoveries that illustrate the region's human history from ancient times onward.,"Generally 8:00am-8:00pm, Friday hours may differ","Friday morning, verify","family, friends, solo",free
322,Jais Flight,adventure_sports,Ras Al Khaimah,High-speed zipline attraction on Jebel Jais offering a long aerial ride above the mountains of Ras Al Khaimah.,"Seasonal sessions; winter generally 9:30am-4:00pm, summer limited scheduled flights",None,"friends, adventure, solo",free
323,Flamingo Beach RAK,beach_waterfront,Ras Al Khaimah,"Public beach in Ras Al Khaimah offering sandy shores, coastal views, and a relaxed seaside environment.",Generally 6:00am-8:00pm,None,"family, friends, couples, solo",free
324,Umbrella Beach,beach_waterfront,Fujairah,"Popular beachfront destination in Fujairah featuring a sandy shoreline, cafés, restaurants, walking areas, and views of the Gulf of Oman.",Open 24 hours; shops and restaurants have separate hours,None,"family, friends, couples, solo",free
325,Fujairah Adventure Park,adventure_sports,Fujairah,"Outdoor adventure facility in Fujairah offering activities such as biking, climbing, hiking, and other recreational sports.","Generally 9:00am-9:00pm, verify activity schedule",None,"family, friends, adventure, solo",free
326,Dibba Rock,nature_outdoor,Fujairah,Rocky offshore site near Dibba popular for snorkeling and scuba diving because of its marine life and clear waters.,Open access during daylight hours; diving trips operate by booking,None,"friends, couples, adventure, solo",free
327,Shark Island,nature_outdoor,Fujairah,"Small island near Khor Fakkan known for clear water, rocky scenery, snorkeling, diving, and marine wildlife.",Generally accessible during daylight hours; boat trips operate by schedule,None,"friends, couples, adventure, solo",free
328,Al Hayl Castle,heritage_culture,Fujairah,Historic fortified residence near Fujairah built in a mountainous area and associated with the region's traditional settlement history.,"Generally 8:00am-6:00pm, verify current access",None,"family, friends, adventure, solo",free
329,Sheikh Zayed Mosque Fujairah,heritage_culture,Fujairah,"Large mosque in Fujairah known for its white exterior, Ottoman-inspired architecture, domes, and tall minarets.",Generally open for visitors outside prayer times; verify daily prayer schedule,"Friday morning for non-worship visitors, verify","family, couples, solo",free
330,Ajman Marina Walk,beach_waterfront,Ajman,"Waterfront promenade in Ajman featuring marina views, restaurants, cafés, walking areas, and leisure facilities.",Open 24 hours; shops and restaurants have separate hours,None,"family, friends, couples, solo",free
331,Al Sarai Park,nature_outdoor,Ajman,"Public park in Ajman offering landscaped green spaces, children's play areas, walking paths, and family recreation.","Generally 8:00am-10:00pm, verify current schedule",None,"family, friends, solo",variable
332,Mangrove Beach UAQ,beach_waterfront,Umm Al Quwain,"Natural beach in Umm Al Quwain surrounded by mangroves and known for calm waters, coastal scenery, and a peaceful atmosphere.",Open 24 hours; best visited during daylight,None,"family, friends, couples, solo",variable
333,Atlantis The Royal,hotel_resort,Dubai,"Luxury beachfront resort on Palm Jumeirah featuring upscale accommodation, restaurants, pools, entertainment, and private beach facilities.",Open 24 hours for hotel guests; restaurants and attractions have separate hours,None,"family, couples, solo, business travel",paid
334,Armani Hotel Dubai,hotel_resort,Dubai,"Luxury hotel located inside Burj Khalifa, known for elegant interiors, premium dining, spa facilities, and central Downtown Dubai location.",Open 24 hours for hotel guests; facilities have separate hours,None,"couples, solo, business travel",variable
335,The Lana Dubai,hotel_resort,Dubai,"Luxury hotel overlooking the Dubai Water Canal featuring contemporary architecture, restaurants, wellness facilities, and city views.",Open 24 hours for hotel guests; facilities have separate hours,None,"couples, solo, business travel",paid
336,Park Hyatt Abu Dhabi,hotel_resort,Abu Dhabi,"Luxury beachfront resort on Saadiyat Island offering private beach access, restaurants, pools, spa facilities, and landscaped grounds.",Open 24 hours for hotel guests; beach and facilities have separate hours,None,"family, couples, solo, business travel",variable
337,Four Seasons Abu Dhabi,hotel_resort,Abu Dhabi,"Luxury waterfront hotel on Al Maryah Island featuring upscale rooms, restaurants, spa facilities, and views of Abu Dhabi.",Open 24 hours for hotel guests; restaurants and facilities have separate hours,None,"family, couples, solo, business travel",variable
338,Anantara Eastern Mongroves,hotel_resort,Abu Dhabi,"Luxury resort beside Abu Dhabi's mangroves offering waterfront accommodation, dining, spa facilities, and access to nature activities.",Open 24 hours for hotel guests; facilities and activities have separate hours,None,"family, couples, solo, business travel",free
339,Orfali Bros,restaurant_cafe,Dubai,Dubai restaurant known for creative Middle Eastern cuisine combining regional flavors with modern culinary techniques.,"Generally 12:00pm-11:30pm, verify current restaurant hours",None,"family, friends, couples, solo",variable
340,Cafe Milano,restaurant_cafe,Abu Dhabi,Italian restaurant at Four Seasons Abu Dhabi offering classic and contemporary Italian dishes in an upscale waterfront setting.,"Generally 12:00pm-11:30pm, verify current restaurant hours",None,"couples, solo, business travel",free
341,Hot Air Balloon Dubai,adventure_sports,Dubai,"Hot-air balloon experience offering aerial views of Dubai's desert landscape, dunes, and sunrise scenery.",Sunrise flights by advance booking; schedule varies seasonally,None,"couples, adventure, solo",free
342,Helicopter Tour Dubai,adventure_sports,Dubai,"Sightseeing experience offering aerial views of Dubai landmarks such as Palm Jumeirah, Burj Al Arab, and the city skyline.",Daytime sightseeing flights by booking; hours vary by operator and weather,None,"couples, adventure, solo",free
343,Jet Ski Jumeirah,adventure_sports,Dubai,Water-sports experience allowing visitors to ride personal watercraft along Dubai's Jumeirah coastline and view nearby landmarks.,Generally daytime hours by booking; schedule varies by operator,None,"friends, adventure, solo",variable
344,Kayaking Eastern Mangroves,adventure_sports,Abu Dhabi,"Guided kayaking experience through Abu Dhabi's mangrove waterways, offering close views of native vegetation and coastal wildlife.","Generally daytime hours, approximately 7:00am-6:00pm; booking recommended",None,"family, friends, couples, adventure, solo",variable
345,Al Jahili Fort,heritage_culture,Abu Dhabi,"Historic fort in Al Ain known for its distinctive architecture, landscaped grounds, exhibitions, and connection to Emirati history.","Generally 9:00am-7:00pm, verify current schedule",None,"family, friends, solo",variable
346,Qasr Al Muwaiji,heritage_culture,Abu Dhabi,Historic palace and museum in Al Ain associated with Sheikh Zayed bin Sultan Al Nahyan and the history of the UAE leadership.,"Generally 9:00am-7:00pm, verify current schedule",None,"family, friends, solo",free
347,Jebel Hafit Desert Park,nature_outdoor,Abu Dhabi,"Protected archaeological and natural landscape at the base of Jebel Hafit featuring desert scenery, ancient tombs, hiking, and camping.","Generally 8:00am-6:00pm, verify seasonal schedule",None,"family, friends, couples, adventure, solo",free
348,Green Mubazzarah,nature_outdoor,Abu Dhabi,"Green recreational area at the foot of Jebel Hafeet featuring hot springs, landscaped lawns, picnic areas, and mountain views.",Open 24 hours; recreational facilities may have separate hours,None,"family, friends, couples, solo",free
349,Al Wathba Fossil Dunes,nature_outdoor,Abu Dhabi,Protected desert site featuring naturally formed fossilized sand dunes shaped over thousands of years by wind and mineral deposits.,Generally accessible during daylight hours; verify reserve access,None,"family, friends, couples, adventure, solo",NA
350,Al Wathba Salt Lake,nature_outdoor,Abu Dhabi,Scenic salt lake in the Al Wathba desert area known for bright salt formations and surrounding desert landscapes.,Open 24 hours; best visited during daylight,None,"family, friends, couples, solo",NA
351,Sir Bani Yas Island,nature_outdoor,Abu Dhabi,"Large natural island in Abu Dhabi known for wildlife conservation, beaches, archaeological sites, and outdoor activities.",Accessible throughout the day; guided activities operate on schedules,None,"family, friends, couples, adventure, solo",NA
352,Arabian Wildlife Park,theme_entertainment,Abu Dhabi,"Wildlife reserve on Sir Bani Yas Island where animals such as Arabian oryx, gazelles, giraffes, and cheetahs roam in protected habitats.",Wildlife activities generally operate during daylight hours and by booking,None,"family, friends, couples, adventure, solo",NA
353,Dalma Museum,museum_gallery,Abu Dhabi,"Small museum on Delma Island presenting the island's history, pearling traditions, maritime heritage, and local culture.","Generally 9:00am-7:00pm, verify current schedule","Monday, verify","family, friends, solo",NA
354,Women's Handicraft Centre,heritage_culture,Abu Dhabi,"Cultural centre in Abu Dhabi showcasing traditional Emirati handicrafts, weaving, embroidery, and other heritage skills.","Generally 8:00am-8:00pm, verify current schedule",None,"family, friends, solo",NA
355,Al Ain Palace Museum,museum_gallery,Abu Dhabi,Historic residence in Al Ain converted into a museum showing the lifestyle of the UAE's ruling family before rapid modernization.,"Generally 9:00am-7:00pm, verify current schedule","Monday, verify","family, friends, solo",NA
356,Al Ain Camel Market,heritage_culture,Abu Dhabi,Traditional livestock market in Al Ain where visitors can observe the regional camel trade and local market culture.,Generally early morning to evening; livestock trading busiest in the morning,None,"family, friends, adventure, solo",NA
357,Souk Al Zafarana,shopping,Abu Dhabi,"Traditional-style market in Al Ain selling spices, incense, clothing, household products, and other local goods.","Generally 9:00am-11:00pm, verify current schedule",None,"family, friends, solo",variable
358,Al Qattara Arts Centre,museum_gallery,Abu Dhabi,"Cultural venue in Al Ain hosting art exhibitions, workshops, studios, archaeological displays, and community events.","Generally 9:00am-8:00pm, verify exhibition schedule",None,"family, friends, solo",variable
359,Al Qattara Souq,heritage_culture,Abu Dhabi,Traditional market in Al Ain featuring shops and cultural spaces reflecting the architecture and heritage of the region.,Generally morning to evening; shop hours vary,None,"family, friends, solo",variable
360,Al Hili Oasis,nature_outdoor,Abu Dhabi,"Historic oasis in Al Ain containing date palms, traditional irrigation channels, pathways, and agricultural landscapes.",Generally accessible during daylight hours,None,"family, friends, couples, solo",variable
361,Qaryat Al Torath Heritage Village,heritage_culture,Abu Dhabi,"Heritage attraction in Al Ain recreating elements of traditional Emirati village life, architecture, crafts, and cultural activities.","Generally 9:00am-9:00pm, verify current schedule",None,"family, friends, solo",free
362,Al Ain Raceway,adventure_sports,Abu Dhabi,Motor-racing and karting facility in Al Ain offering recreational and competitive karting experiences.,Generally afternoon and evening sessions; booking required,None,"friends, adventure, solo",free
363,Al Ain Adventure,adventure_sports,Abu Dhabi,"Outdoor adventure destination in Al Ain offering white-water rafting, kayaking, surfing, and other water-based activities.","Generally 9:00am-6:00pm, verify activity schedule",None,"family, friends, adventure, solo",variable
364,Marsana Hudayriyat,beach_waterfront,Abu Dhabi,"Waterfront recreation area on Hudayriyat Island featuring restaurants, beaches, sports facilities, and family entertainment.",Generally 8:00am-12:00am; individual venues vary,None,"family, friends, couples, solo",free
365,Marsa Mina,beach_waterfront,Abu Dhabi,"Colorful waterfront destination at Mina Zayed featuring restaurants, cafés, shops, and views of Abu Dhabi's port.",Generally 8:00am-12:00am; individual venues vary,None,"family, friends, couples, solo",free
366,Mina Zayed,beach_waterfront,Abu Dhabi,"Historic commercial port area in Abu Dhabi known for markets, fishing activity, traditional trading areas, and waterfront views.",Generally active from early morning to late evening; market hours vary,None,"family, friends, solo",free
367,Heritage Park Abu Dhabi,nature_outdoor,Abu Dhabi,"Public green space in Abu Dhabi featuring landscaped areas, walking paths, children's facilities, and recreational spaces.","Generally 8:00am-10:00pm, verify current schedule",None,"family, friends, couples, solo",free
368,Al Bateen Beach,beach_waterfront,Abu Dhabi,"Public beach in Abu Dhabi with calm waters, sandy shoreline, swimming areas, and views of Hudayriyat Island.",Generally sunrise to sunset,None,"family, friends, couples, solo",variable
369,Soul Beach Saadiyat Island,beach_waterfront,Abu Dhabi,"Beach club and public beach destination on Saadiyat Island known for white sand, clear water, and a relaxed coastal environment.","Generally 8:00am-6:00pm, verify beach schedule",None,"family, friends, couples, solo",free
370,Dubai Museum / Al Fahidi Fort,museum_gallery,Dubai,Historic fort in Dubai that traditionally housed the Dubai Museum and presented the emirate's heritage and development.,Temporarily closed as a conventional museum; Al Fahidi Fort access should be verified,"Temporarily closed, verify reopening","family, friends, solo",free
371,Etihad Museum,museum_gallery,Dubai,Museum in Dubai documenting the formation of the United Arab Emirates and the political events surrounding the 1971 union.,"Generally 10:00am-8:00pm, verify current schedule",None,"family, friends, solo",free
372,Jameel Arts Centre,museum_gallery,Dubai,"Contemporary art centre at Jaddaf Waterfront featuring exhibitions, commissions, educational programs, and cultural events.","Generally 10:00am-8:00pm, Friday hours may differ",None,"family, friends, couples, solo",free
373,Coffee Museum,museum_gallery,Dubai,"Small museum in Dubai's Al Fahidi area exploring coffee history, brewing traditions, equipment, and regional coffee culture.","Generally 9:00am-5:00pm, verify current schedule",None,"family, friends, solo",free
374,Coin Museum,museum_gallery,Dubai,Museum in Dubai displaying historic coins and currency associated with different periods of regional trade and Islamic history.,"Generally 8:00am-3:00pm, verify current schedule",None,"family, friends, solo",free
375,Perfume House,museum_gallery,Dubai,"Heritage museum in Dubai exploring Emirati perfume-making traditions, ingredients, techniques, and the cultural importance of fragrance.","Generally 10:00am-8:00pm, verify current schedule",None,"family, friends, solo",free
376,Saruq Al-Hadid Archaeology Museum,museum_gallery,Dubai,Archaeology museum presenting objects discovered at the ancient Saruq Al-Hadid site and explaining early metalworking and trade.,"Generally 8:00am-8:00pm, verify current schedule",None,"family, friends, solo",free
377,Sheikh Mohammed Centre for Cultural Understanding,heritage_culture,Dubai,"Cultural organisation in Al Fahidi offering heritage tours, traditional meals, and programs introducing visitors to Emirati culture.","Generally 8:00am-4:00pm, Friday hours may differ","Friday, verify","family, friends, solo",variable
378,Sheikh Saeed Al Maktoum House,heritage_culture,Dubai,Historic residence in Dubai associated with Sheikh Saeed Al Maktoum and the emirate's ruling family and early development.,"Generally 8:00am-8:30pm, verify current schedule",None,"family, friends, solo",variable
379,Heritage House Dubai,heritage_culture,Dubai,"Restored traditional Emirati house in Deira demonstrating historic domestic architecture, courtyards, rooms, and local lifestyles.","Generally 8:00am-7:30pm, verify current schedule",None,"family, friends, couples, solo",free
380,Hatta Hill Park,nature_outdoor,Dubai,"Hilltop public park in Hatta featuring landscaped areas, walking paths, playgrounds, picnic facilities, and mountain views.",Generally 8:00am-10:00pm,None,"family, friends, adventure, solo",free
381,Hatta Wadi Hub,adventure_sports,Dubai,"Outdoor adventure hub in Hatta offering mountain biking, hiking, kayaking, climbing, ziplining, and other recreational activities.","Generally 8:00am-6:00pm, activity hours vary",None,"family, friends, solo",free
382,Hatta Honey Bee Discovery Centre,nature_outdoor,Dubai,"Educational attraction in Hatta introducing visitors to beekeeping, honey production, bee habitats, and the importance of pollinators.","Generally 8:00am-5:00pm, guided visits may require booking",None,"friends, adventure, solo",free
383,Hatta Mountain Bike Trail Centre,adventure_sports,Dubai,Network of mountain biking trails in Hatta offering routes of different difficulty levels through rugged mountain landscapes.,Open 24 hours; biking recommended during daylight,None,"family, friends, adventure, solo",free
384,Mushrif National Park,nature_outdoor,Dubai,"Large public park in Dubai featuring natural ghaf woodland, cycling tracks, picnic areas, walking routes, and recreational facilities.",Open 24 hours; recreational facilities operate separate hours,None,"family, friends, couples, adventure, solo",variable
385,Ras Al Khor Wildlife Sanctuary,nature_outdoor,Dubai,"Protected wetland reserve in Dubai famous for migratory birds, particularly flamingos, and important coastal ecosystems.","Generally 7:30am-5:30pm, verify seasonal schedule",None,"family, friends, couples, solo",variable
386,Dubai Crocodile Park,theme_entertainment,Dubai,"Wildlife attraction in Dubai dedicated to crocodiles, featuring landscaped habitats and educational exhibits about their biology.","Generally 10:00am-8:00pm, verify current schedule",None,"family, friends, couples, solo",variable
387,Dubai Dolphinarium,theme_entertainment,Dubai,Indoor marine entertainment venue in Dubai featuring dolphin and seal performances and interactive animal experiences.,"Generally 10:00am-7:30pm, show schedules vary",None,"family, friends, solo",variable
388,Expo City Dubai,landmark,Dubai,"Mixed-use district developed from the Expo 2020 site, featuring exhibitions, cultural attractions, technology experiences, and public spaces.",Generally 9:00am-6:00pm; individual attractions vary,None,"family, friends, solo",variable
389,Al Wasl Plaza,landmark,Dubai,"Large domed plaza at Expo City Dubai featuring distinctive architecture, projection displays, performances, and major public events.",Open 24 hours; events and attractions have separate hours,None,"family, friends, couples, solo",free
390,Dubai Harbour,beach_waterfront,Dubai,"Modern waterfront and marina district in Dubai designed for yachts, cruises, restaurants, events, and coastal leisure.",Open 24 hours; marina businesses have separate hours,None,"family, friends, couples, solo, business travel",free
391,Dubai Water Canal,beach_waterfront,Dubai,"Artificial waterway running through Dubai with pedestrian paths, bridges, waterfront developments, and views of the city skyline.",Open 24 hours,None,"family, friends, couples, solo",free
392,Black Palace Beach,beach_waterfront,Dubai,Quiet public beach in Dubai offering sandy shoreline and prominent views of Palm Jumeirah and Burj Al Arab.,Open 24 hours,None,"family, friends, couples, solo",variable
393,Al Mamzar Beach Park,beach_waterfront,Dubai,"Large beachfront park in Dubai featuring several beaches, swimming areas, green spaces, picnic facilities, and cycling paths.","Generally 8:00am-10:00pm, swimming hours may be more limited",None,"family, friends, couples, solo",variable
394,Buhais Geological Park,museum_gallery,Sharjah,"Geological attraction in Sharjah explaining the region's prehistoric landscapes, fossils, rock formations, and ancient geological history.","Generally 9:00am-7:00pm, verify current schedule",None,"family, friends, solo",variable
395,Al Rafisah Dam,nature_outdoor,Sharjah,"Mountain reservoir near Khor Fakkan surrounded by dramatic scenery and offering kayaking, restaurants, playgrounds, and viewpoints.",Open 24 hours; kayaking and facilities operate limited hours,None,"family, friends, couples, adventure, solo",variable
396,Shees Park,nature_outdoor,Sharjah,"Mountain park near Khor Fakkan featuring landscaped terraces, walking paths, picnic areas, waterfalls, and scenic valley views.","Generally 7:30am-11:00pm, verify seasonal schedule",None,"family, friends, couples, solo",free
397,Wadi Shees,nature_outdoor,Sharjah,"Natural mountain valley near Khor Fakkan known for rocky scenery, traditional settlements, hiking routes, and agricultural landscapes.",Open 24 hours; best visited during daylight,None,"family, friends, couples, adventure, solo",free
398,Al Rabi Tower,heritage_culture,Sharjah,"Historic watchtower overlooking Khor Fakkan and the surrounding mountains, offering panoramic views of the town and coastline.",Open 24 hours,None,"family, friends, couples, adventure, solo",free
399,Al Rabi Hiking Trail,adventure_sports,Sharjah,"Popular mountain hiking route in Khor Fakkan leading to viewpoints overlooking the city, mountains, and Gulf of Oman.",Open 24 hours; hiking recommended during daylight,None,"family, friends, adventure, solo",free
400,Khorfakkan Amphitheatre,landmark,Sharjah,Large open-air amphitheatre in Khor Fakkan inspired by classical architecture and used for performances and cultural events.,"Generally 9:00am-11:00pm, event times vary",None,"family, friends, adventure, solo",free
401,Khorfakkan Waterfall,landmark,Sharjah,Artificial waterfall built into the mountainside beside Khorfakkan Amphitheatre and overlooking the coastal road.,Open 24 hours; waterfall lighting is best viewed in the evening,None,"family, friends, couples, solo",free
402,Khorfakkan Old Souq,heritage_culture,Sharjah,"Traditional market area in Khor Fakkan featuring heritage-inspired architecture, local shops, cafés, and cultural surroundings.",Generally 9:00am-10:00pm; individual shops vary,None,"family, friends, couples, solo",free
403,Kalba Bird of Prey Centre,theme_entertainment,Sharjah,Wildlife centre in Kalba dedicated to conserving and educating visitors about birds of prey native to the Arabian Peninsula.,"Generally 9:00am-6:00pm, verify current schedule",None,"family, friends, solo",free
404,Wasit Wetland Centre,nature_outdoor,Sharjah,"Protected wetland centre in Sharjah featuring birdwatching areas, walking routes, observation hides, and native wetland wildlife.","Generally 9:00am-6:30pm, verify seasonal schedule",None,"family, friends, solo",free
405,Islamic Botanical Garden,nature_outdoor,Sharjah,Botanical garden in Sharjah displaying plants mentioned in Islamic tradition alongside educational information about their uses and importance.,"Generally 9:00am-8:00pm, verify current schedule",None,"family, friends, couples, solo",free
406,Sharjah Natural History and Botanical Museum,museum_gallery,Sharjah,"Museum and botanical attraction explaining the natural history, geology, ecosystems, plants, and wildlife of the Arabian Peninsula.","Generally 9:00am-8:00pm, verify current schedule",None,"family, friends, solo",free
407,Sharjah Heritage Area,heritage_culture,Sharjah,"Historic district in Sharjah containing restored traditional buildings, museums, souks, and cultural attractions.",Generally 9:00am-8:00pm; heritage venues may have individual schedules,None,"family, friends, couples, adventure, solo",free
408,Mleiha National Park,nature_outdoor,Sharjah,"Protected archaeological and desert landscape around Mleiha known for fossils, ancient settlements, mountains, dunes, and outdoor activities.","Generally 8:00am-8:00pm, verify reserve access",None,"friends, couples, adventure, solo",free
409,Jais Sky Tour,adventure_sports,Ras Al Khaimah,Mountain zipline experience on Jebel Jais featuring multiple ziplines and suspended platforms across the rugged landscape.,"Seasonal scheduled sessions; typically daytime, advance booking required",None,"friends, adventure, solo",free
410,Jais Ropes Course,adventure_sports,Ras Al Khaimah,"Adventure course on Jebel Jais featuring rope obstacles, suspended challenges, and elevated mountain activities.","Seasonal scheduled sessions; generally daytime, advance booking required",None,"friends, adventure, solo",free
411,Bear Grylls Explorers Camp,adventure_sports,Ras Al Khaimah,"Mountain adventure camp on Jebel Jais offering climbing, hiking, survival activities, accommodation, and outdoor experiences.",Generally daytime sessions by advance booking,None,"friends, adventure, solo",free
412,Jais Via Ferrata,adventure_sports,Ras Al Khaimah,"Guided climbing route on Jebel Jais combining hiking, rock climbing, cables, ladders, and mountain views.",Generally daytime sessions by advance booking; weather dependent,None,"friends, couples, adventure, solo",free
413,Camp 1770,adventure_sports,Ras Al Khaimah,"High-altitude camping and outdoor experience in the Jebel Jais mountains offering hiking, stargazing, and scenic views.",Open 24 hours for camp guests; activities operate on scheduled sessions,None,"family, friends, couples, solo",free
414,Al Rams Beach,beach_waterfront,Ras Al Khaimah,Quiet public beach in the Al Rams area of Ras Al Khaimah featuring coastal scenery and views of nearby mountains.,Open 24 hours,None,"family, friends, couples, solo",free
415,Al Qawasim Corniche,beach_waterfront,Ras Al Khaimah,"Waterfront promenade in Ras Al Khaimah featuring walking areas, landscaped spaces, sea views, and recreational facilities.",Open 24 hours,None,"family, friends, adventure, solo",free
416,Tower Links Golf Club,adventure_sports,Ras Al Khaimah,"Golf course in Ras Al Khaimah featuring landscaped fairways, lakes, practice facilities, and views of the Hajar Mountains.","Generally 6:30am-10:00pm, verify current schedule",None,"family, friends, solo",free
417,Manama Museum,museum_gallery,Ajman,"Heritage museum in Manama, Ajman, displaying historical objects and information about the area's traditional lifestyle and local history.","Generally 8:00am-8:00pm, verify current schedule",None,"family, friends, solo",variable
418,Masfout Castle,heritage_culture,Ajman,Historic defensive structure in Ajman's Masfout region built on elevated terrain and associated with the area's local heritage.,"Generally 8:00am-8:00pm, verify current access",None,"family, friends, solo",variable
419,Hassa Buweid Castle,heritage_culture,Ajman,Historic watchtower or defensive structure in Ajman associated with traditional protection of settlements and agricultural areas.,"Generally daylight hours, verify access",None,"family, friends, couples, solo",variable
420,Dibba Fort,heritage_culture,Fujairah,"Historic fort in Dibba, Fujairah, representing the region's traditional defensive architecture and local heritage.","Generally 8:00am-8:00pm, verify current schedule",None,"family, friends, solo",free
421,Fiquet Beach,beach_waterfront,Fujairah,"Public beach in Fujairah offering sandy shoreline, sea views, swimming, and a relaxed coastal environment.",Open 24 hours,None,,free
422,Ain Al Madhab Park,nature_outdoor,Fujairah,"Landscaped park in Fujairah near natural mineral springs, featuring green spaces, walking areas, playgrounds, and mountain scenery.","Generally 8:00am-10:00pm, verify current schedule",None,,variable